City_ID,City,Country,Date,Lat,Lng,Max Temp,Humidity,Cloudiness,Wind Speed
0,Castro,BR,2022-11-11 02:20:34,-24.7911,-50.0119,62.87,69,79,3.38
1,Busselton,AU,2022-11-11 02:20:34,-33.65,115.3333,59.47,49,52,17.09
2,Ushuaia,AR,2022-11-11 02:18:15,-54.8,-68.3,44.26,70,20,8.05
3,Port Alfred,ZA,2022-11-11 02:20:35,-33.5906,26.891,62.19,94,100,8.99
4,Nyurba,RU,2022-11-11 02:20:35,63.2842,118.3319,8.08,91,100,7.67
5,Torbay,CA,2022-11-11 02:20:35,47.6666,-52.7314,42.76,77,75,16.11
6,Vila Franca Do Campo,PT,2022-11-11 02:20:36,37.7167,-25.4333,60.19,82,100,7.25
7,Ribeira Grande,PT,2022-11-11 02:20:36,38.5167,-28.7,57.78,85,86,5.01
8,Karratha,AU,2022-11-11 02:20:37,-20.7377,116.8463,81.19,32,0,12.77
9,Kruisfontein,ZA,2022-11-11 02:20:38,-34.0033,24.7314,61.88,76,87,11.9
10,Aasiaat,GL,2022-11-11 02:20:38,68.7098,-52.8699,10.85,89,100,4.99
11,Bredasdorp,ZA,2022-11-11 02:20:39,-34.5322,20.0403,59.11,85,2,10.98
12,Bluff,NZ,2022-11-11 02:20:39,-46.6,168.3333,58.12,71,0,11.7
13,Saldanha,ZA,2022-11-11 02:20:39,-33.0117,17.9442,53.65,83,0,8.12
14,Mataura,NZ,2022-11-11 02:20:40,-46.1927,168.8643,77.88,32,0,1.3
15,Piracaia,BR,2022-11-11 02:20:40,-23.0539,-46.3581,65.44,99,29,3.74
16,Jaragua,BR,2022-11-11 02:20:41,-15.7569,-49.3344,69.62,86,100,0.96
17,Qaanaaq,GL,2022-11-11 02:20:41,77.484,-69.3632,-7.29,58,0,7.87
18,Cabo San Lucas,MX,2022-11-11 02:15:57,22.8909,-109.9124,77.61,71,75,8.05
19,Kapaa,US,2022-11-11 02:20:42,22.0752,-159.319,84.18,73,0,14.97
20,Punta Arenas,CL,2022-11-11 02:20:42,-53.15,-70.9167,46.51,71,75,5.75
21,Atuona,PF,2022-11-11 02:20:43,-9.8,-139.0333,78.06,80,13,13.6
22,Rikitea,PF,2022-11-11 02:18:21,-23.1203,-134.9692,74.23,82,100,5.86
23,Dikson,RU,2022-11-11 02:20:43,73.5069,80.5464,1.15,96,77,13.18
24,Dalbandin,PK,2022-11-11 02:20:44,28.8947,64.4101,61.39,38,87,5.57
25,Port Hardy,CA,2022-11-11 02:17:27,50.6996,-127.4199,39.38,93,100,19.57
26,Arua,UG,2022-11-11 02:20:45,3.0201,30.9111,61.32,90,100,3.27
27,Klaksvik,FO,2022-11-11 02:20:45,62.2266,-6.589,50.92,85,100,29.86
28,Sola,VU,2022-11-11 02:20:46,-13.8833,167.55,81.27,83,100,0.0
29,New Norfolk,AU,2022-11-11 02:20:46,-42.7826,147.0587,65.71,66,51,4.09
30,Okhotsk,RU,2022-11-11 02:20:46,59.3833,143.3,6.21,64,7,19.77
31,Pevek,RU,2022-11-11 02:20:47,69.7008,170.3133,1.44,95,100,2.1
32,Nagato,JP,2022-11-11 02:20:47,34.3833,131.2,67.01,57,6,8.32
33,Touros,BR,2022-11-11 02:20:48,-5.1989,-35.4608,77.52,76,43,13.38
34,Evensk,RU,2022-11-11 02:20:48,61.95,159.2333,12.85,87,100,18.39
35,Vaini,TO,2022-11-11 02:20:49,-21.2,-175.2,82.56,83,75,10.36
36,Berbera,SO,2022-11-11 02:20:49,10.4396,45.0143,80.56,73,83,10.29
37,Necochea,AR,2022-11-11 02:20:49,-38.5473,-58.7368,60.64,74,37,1.54
38,Ponta Do Sol,PT,2022-11-11 02:20:50,32.6667,-17.1,66.7,82,61,2.04
39,Bodden Town,KY,2022-11-11 02:20:50,19.2833,-81.25,78.8,79,20,2.3
40,East London,ZA,2022-11-11 02:20:51,-33.0153,27.9116,65.59,89,100,18.34
41,Salalah,OM,2022-11-11 02:20:51,17.0151,54.0924,75.29,64,20,2.3
42,Okha,RU,2022-11-11 02:20:52,53.5739,142.9478,30.43,59,100,20.56
43,Mildura,AU,2022-11-11 02:20:52,-34.2,142.15,76.06,64,6,7.29
44,Butaritari,KI,2022-11-11 02:20:53,3.0707,172.7902,81.37,79,35,18.1
45,Tuatapere,NZ,2022-11-11 02:20:53,-46.1333,167.6833,69.17,46,0,6.44
46,Mar Del Plata,AR,2022-11-11 02:20:54,-38.0023,-57.5575,65.08,91,0,8.99
47,Laguna,US,2022-11-11 02:20:54,38.421,-121.4238,51.98,72,0,0.0
48,Tondano,ID,2022-11-11 02:21:55,1.3038,124.9112,84.29,59,100,1.32
49,Riyadh,SA,2022-11-11 02:21:22,24.6877,46.7219,71.74,24,52,10.49
50,Susanville,US,2022-11-11 02:21:40,40.4163,-120.653,31.8,71,0,4.61
51,Sao Filipe,CV,2022-11-11 02:21:55,14.8961,-24.4956,77.11,73,100,5.32
52,Nuuk,GL,2022-11-11 02:21:32,64.1835,-51.7216,20.01,79,100,6.91
53,Requena,ES,2022-11-11 02:21:56,39.4883,-1.1004,49.51,92,90,6.71
54,Romny,UA,2022-11-11 02:21:56,50.751,33.4747,40.33,85,100,7.85
55,Faanui,PF,2022-11-11 02:21:57,-16.4833,-151.75,78.91,77,34,5.08
56,Fortuna,US,2022-11-11 02:21:57,40.5982,-124.1573,46.98,95,0,0.0
57,Guerrero Negro,MX,2022-11-11 02:21:58,27.9769,-114.0611,63.72,62,0,16.04
58,Kununurra,AU,2022-11-11 02:21:59,-15.7667,128.7333,96.78,44,40,9.22
59,Moyale,KE,2022-11-11 02:21:59,3.5167,39.0584,65.88,75,69,6.8
60,Tasiilaq,GL,2022-11-11 02:21:59,65.6145,-37.6368,35.76,80,100,32.66
61,Souillac,MU,2022-11-11 02:22:00,-20.5167,57.5167,70.18,88,20,3.44
62,Mumford,GH,2022-11-11 02:22:00,5.2618,-0.759,78.26,83,100,8.81
63,Anchorage,US,2022-11-11 02:17:17,61.2181,-149.9003,32.36,94,100,0.0
64,Cape Town,ZA,2022-11-11 02:17:29,-33.9258,18.4232,61.92,76,0,4.61
65,Liwale,TZ,2022-11-11 02:22:01,-9.7667,37.9333,69.17,95,87,3.42
66,Narsaq,GL,2022-11-11 02:22:02,60.9167,-46.05,25.02,95,100,2.42
67,Hobart,AU,2022-11-11 02:22:02,-42.8794,147.3294,66.06,90,40,18.41
68,Pacific Grove,US,2022-11-11 02:22:03,36.6177,-121.9166,53.65,82,0,5.99
69,Maniitsoq,GL,2022-11-11 02:22:03,65.4167,-52.9,20.26,57,100,3.74
70,Ulaangom,MN,2022-11-11 02:22:04,49.9811,92.0667,17.44,74,62,2.46
71,San Patricio,US,2022-11-11 02:22:05,28.017,-97.5169,77.9,77,28,9.13
72,Palana,RU,2022-11-11 02:22:05,59.1167,159.9667,27.03,73,100,4.76
73,Walvis Bay,NA,2022-11-11 02:22:06,-22.9575,14.5053,59.09,94,0,8.05
74,Georgetown,MY,2022-11-11 02:22:06,5.4112,100.3354,83.89,82,20,8.05
75,Esil,KZ,2022-11-11 02:22:06,51.9556,66.4042,28.56,95,98,12.01
76,Tuktoyaktuk,CA,2022-11-11 02:22:07,69.4541,-133.0374,19.4,93,100,9.22
77,Hamilton,US,2022-11-11 02:17:55,39.1834,-84.5333,63.0,55,0,6.91
78,Krasnoselkup,RU,2022-11-11 02:22:08,65.7,82.4667,2.08,88,100,10.22
79,Guapiacu,BR,2022-11-11 02:22:08,-20.795,-49.2203,82.69,32,0,2.3
80,Albany,US,2022-11-11 02:19:11,42.6001,-73.9662,56.59,80,30,3.38
81,Wawa,NG,2022-11-11 02:22:09,9.9022,4.4192,76.19,40,95,1.01
82,Alice Springs,AU,2022-11-11 02:22:10,-23.7,133.8833,92.75,26,33,14.97
83,Doctor Juan Manuel Frutos,PY,2022-11-11 02:22:10,-25.3667,-55.8,63.73,98,100,6.73
84,Bambous Virieux,MU,2022-11-11 02:22:11,-20.3428,57.7575,72.21,88,20,3.44
85,Hilo,US,2022-11-11 02:22:11,19.7297,-155.09,80.33,65,0,10.36
86,Kavaratti,IN,2022-11-11 02:22:12,10.5669,72.642,81.97,68,100,9.8
87,Haines Junction,CA,2022-11-11 02:22:12,60.7522,-137.5108,22.95,93,100,1.14
88,Sabha,LY,2022-11-11 02:22:13,27.0377,14.4283,61.3,56,0,10.13
89,Katsuura,JP,2022-11-11 02:22:14,35.1333,140.3,68.47,57,0,16.24
90,Jalu,LY,2022-11-11 02:22:14,29.0331,21.5482,60.03,47,0,6.91
91,Khatanga,RU,2022-11-11 02:22:15,71.9667,102.5,-11.83,100,97,4.27
92,Jamestown,US,2022-11-11 02:21:53,42.097,-79.2353,62.19,64,0,10.36
93,Clyde River,CA,2022-11-11 02:22:16,70.4692,-68.5914,-3.77,65,20,4.61
94,Gravdal,NO,2022-11-11 02:23:16,68.1214,13.5031,37.83,93,100,17.47
95,Banda Aceh,ID,2022-11-11 02:23:17,5.5577,95.3222,76.86,89,100,10.74
96,Yelizavetino,RU,2022-11-11 02:23:18,59.4916,29.7938,46.96,96,100,8.34
97,Mineros,BO,2022-11-11 02:23:18,-17.1167,-63.2333,82.4,53,0,8.14
98,Pisco,PE,2022-11-11 02:23:05,-13.7,-76.2167,62.65,88,1,14.97
99,Comodoro Rivadavia,AR,2022-11-11 02:22:04,-45.8667,-67.5,51.66,93,100,5.75
100,Newport,GB,2022-11-11 02:18:38,51.5877,-2.9984,59.68,81,100,23.51
101,Mountain Home,US,2022-11-11 02:18:32,43.133,-115.6912,29.68,86,0,10.36
102,Bitam,GA,2022-11-11 02:23:19,2.076,11.5007,67.1,100,100,2.82
103,Zeya,RU,2022-11-11 02:23:20,53.75,127.2667,21.43,74,100,1.79
104,Lebu,CL,2022-11-11 02:23:20,-37.6167,-73.65,53.98,95,100,6.44
105,Prenzlau,DE,2022-11-11 02:23:21,53.3167,13.8667,52.92,82,95,12.41
106,Ambilobe,MG,2022-11-11 02:23:21,-13.2,49.05,69.31,78,61,4.38
107,Tuburan,PH,2022-11-11 02:23:22,6.6439,122.2736,86.09,78,94,9.46
108,Sanming,CN,2022-11-11 02:23:22,26.2486,117.6186,81.37,61,1,0.74
109,Robertsport,LR,2022-11-11 02:23:22,6.7533,-11.3686,79.39,81,57,9.71
110,Mount Gambier,AU,2022-11-11 02:23:23,-37.8333,140.7667,61.09,79,100,7.94
111,Nabannagan,PH,2022-11-11 02:23:23,18.0715,121.5338,84.45,72,82,4.43
112,Srednekolymsk,RU,2022-11-11 02:23:24,67.45,153.6833,-5.64,98,100,1.23
113,Barrow,US,2022-11-11 02:23:24,71.2906,-156.7887,24.82,86,100,17.27
114,Roald,NO,2022-11-11 02:23:25,62.5833,6.1333,57.76,82,20,27.63
115,Puerto Ayora,EC,2022-11-11 02:23:25,-0.7393,-90.3518,68.56,89,75,5.01
116,Ust-Kuyga,RU,2022-11-11 02:23:25,70.0167,135.6,-19.34,100,94,5.95
117,Anadyr,RU,2022-11-11 02:23:26,64.75,177.4833,3.7,84,20,6.71
118,Shaunavon,CA,2022-11-11 02:22:08,49.6501,-108.4181,4.78,95,15,8.95
119,Longyearbyen,SJ,2022-11-11 02:23:27,78.2186,15.6401,28.24,74,75,11.5
120,Lulea,SE,2022-11-11 02:23:27,65.5842,22.1547,39.27,100,100,17.27
121,Samarai,PG,2022-11-11 02:23:27,-10.6167,150.6667,82.56,71,24,11.25
122,Chokurdakh,RU,2022-11-11 02:23:28,70.6333,147.9167,-15.41,99,100,6.42
123,Caravelas,BR,2022-11-11 02:23:28,-17.7125,-39.2481,75.6,89,12,7.94
124,Hambantota,LK,2022-11-11 02:23:29,6.1241,81.1185,79.14,100,20,1.14
125,Nome,US,2022-11-11 02:23:29,64.5011,-165.4064,33.87,86,75,13.8
126,Victoria,HK,2022-11-11 02:19:28,22.2855,114.1577,80.65,76,43,8.01
127,Provideniya,RU,2022-11-11 02:23:30,64.3833,-173.3,24.91,63,75,13.42
128,Waipawa,NZ,2022-11-11 02:23:30,-41.4122,175.5153,53.92,80,100,15.39
129,Port Elizabeth,ZA,2022-11-11 02:23:31,-33.918,25.5701,64.09,91,100,18.41
130,Bengkulu,ID,2022-11-11 02:23:32,-3.8004,102.2655,76.42,90,100,1.66
131,Dwarka,IN,2022-11-11 02:23:32,22.2394,68.9678,78.62,56,7,9.71
132,Yaan,NG,2022-11-11 02:23:32,7.3833,8.5667,76.05,79,100,7.74
133,Upernavik,GL,2022-11-11 02:23:33,72.7868,-56.1549,11.55,86,96,6.46
134,Show Low,US,2022-11-11 02:18:54,34.2542,-110.0298,34.61,83,0,0.0
135,Kahului,US,2022-11-11 02:23:34,20.8947,-156.47,84.22,67,20,19.57
136,Severo-Kurilsk,RU,2022-11-11 02:23:34,50.6789,156.125,31.87,74,97,35.34
137,Hithadhoo,MV,2022-11-11 02:23:34,-0.6,73.0833,80.94,78,100,13.2
138,Bethel,US,2022-11-11 02:23:35,41.3712,-73.414,57.65,82,0,0.0
139,Aklavik,CA,2022-11-11 02:23:36,68.2191,-135.0107,18.27,85,100,2.93
140,North Myrtle Beach,US,2022-11-11 02:20:27,33.816,-78.68,74.21,96,100,12.66
141,Chihuahua,MX,2022-11-11 02:23:36,28.5,-106.0,63.43,25,100,4.5
142,Nouadhibou,MR,2022-11-11 02:24:37,20.931,-17.0347,66.18,94,75,6.91
143,Campbell River,CA,2022-11-11 02:24:37,50.0163,-125.2446,42.33,93,100,4.61
144,Carman,CA,2022-11-11 02:24:37,49.4992,-98.0016,21.54,86,100,17.27
145,Kangaatsiaq,GL,2022-11-11 02:24:38,68.3065,-53.4641,21.16,76,100,20.71
146,Orange Cove,US,2022-11-11 02:21:04,36.6244,-119.3137,53.6,86,0,0.0
147,Ambanja,MG,2022-11-11 02:24:38,-13.6833,48.45,73.85,90,82,1.43
148,Port Lincoln,AU,2022-11-11 02:24:39,-34.7333,135.8667,65.61,56,97,7.43
149,Leningradskiy,RU,2022-11-11 02:24:39,69.3833,178.4167,3.29,93,100,6.4
150,Asau,RO,2022-11-11 02:24:40,46.4333,26.4,45.52,92,100,2.33
151,Yellowknife,CA,2022-11-11 02:24:40,62.456,-114.3525,14.52,85,100,14.97
152,Menongue,AO,2022-11-11 02:24:41,-14.6585,17.691,63.3,79,67,5.19
153,Mackay,AU,2022-11-11 02:20:44,-21.15,149.2,81.68,57,9,11.39
154,Petrolia,CA,2022-11-11 02:24:42,42.8668,-82.1498,59.77,58,0,11.5
155,Ixtapa,MX,2022-11-11 02:24:42,20.7,-105.2,78.03,78,0,5.75
156,Maxixe,MZ,2022-11-11 02:24:43,-23.8597,35.3472,74.82,92,46,6.22
157,Billings,US,2022-11-11 02:21:59,45.7833,-108.5007,15.57,81,20,13.8
158,Abha,SA,2022-11-11 02:24:43,18.2164,42.5053,51.62,82,0,0.0
159,Lamu,KE,2022-11-11 02:24:44,-2.2717,40.902,77.22,86,58,7.45
160,Carnarvon,AU,2022-11-11 02:24:44,-24.8667,113.6333,70.11,64,17,16.53
161,Tekeli,KZ,2022-11-11 02:24:44,44.83,78.8239,27.97,54,42,7.92
162,Coquimbo,CL,2022-11-11 02:23:17,-29.9533,-71.3436,56.93,94,20,5.75
163,Hami,CN,2022-11-11 02:24:45,42.8,93.45,35.91,40,5,10.83
164,Seymchan,RU,2022-11-11 02:24:45,62.8833,152.4333,-15.14,98,99,0.89
165,Ahuimanu,US,2022-11-11 02:24:46,21.4447,-157.8378,80.31,69,75,9.22
166,Solnechnyy,RU,2022-11-11 02:24:47,50.7214,136.6319,29.82,36,10,4.45
167,Omboue,GA,2022-11-11 02:24:47,-1.5746,9.2618,71.85,94,100,4.63
168,Quzhou,CN,2022-11-11 02:20:12,28.9594,118.8686,73.4,75,78,5.61
169,Sisimiut,GL,2022-11-11 02:24:48,66.9395,-53.6735,13.96,83,100,10.47
170,Topolobampo,MX,2022-11-11 02:24:48,25.6,-109.05,71.51,68,75,11.5
171,Awjilah,LY,2022-11-11 02:24:49,29.1081,21.2869,60.28,46,0,6.35
172,Chuy,UY,2022-11-11 02:24:49,-33.6971,-53.4616,60.48,96,83,7.43
173,Luderitz,NA,2022-11-11 02:24:50,-26.6481,15.1594,55.78,85,0,11.97
174,Bull Savanna,JM,2022-11-11 02:24:50,17.8868,-77.5902,74.95,84,85,5.86
175,Meulaboh,ID,2022-11-11 02:24:51,4.1363,96.1285,76.78,87,100,4.18
176,Vanimo,PG,2022-11-11 02:24:51,-2.6741,141.3028,84.36,74,89,5.93
177,Cidreira,BR,2022-11-11 02:24:51,-30.1811,-50.2056,65.64,87,100,10.0
178,Nakusp,CA,2022-11-11 02:24:52,50.2499,-117.8023,26.94,68,7,2.3
179,Yar-Sale,RU,2022-11-11 02:24:52,66.8333,70.8333,8.74,97,100,9.19
180,Surt,LY,2022-11-11 02:24:53,31.2089,16.5887,67.12,67,11,9.15
181,Hermanus,ZA,2022-11-11 02:24:53,-34.4187,19.2345,59.81,85,8,8.77
182,Sur,OM,2022-11-11 02:22:07,22.5667,59.5289,75.81,70,5,2.08
183,Kodiak,US,2022-11-11 02:24:54,57.79,-152.4072,29.71,80,0,6.91
184,Muros,ES,2022-11-11 02:24:55,42.7762,-9.0603,56.16,96,7,6.4
185,Alofi,NU,2022-11-11 02:24:55,-19.0595,-169.9187,82.29,74,75,10.36
186,Ariquemes,BR,2022-11-11 02:25:55,-9.9133,-63.0408,75.56,81,35,2.39
187,Mahanoro,MG,2022-11-11 02:25:56,-19.9,48.8,68.61,91,16,3.53
188,Sitka,US,2022-11-11 02:25:57,57.0531,-135.33,40.89,75,100,11.5
189,Namibe,AO,2022-11-11 02:25:57,-15.1961,12.1522,63.72,82,99,6.87
190,Iqaluit,CA,2022-11-11 02:23:58,63.7506,-68.5145,-7.31,76,20,13.8
191,Tanete,ID,2022-11-11 02:25:58,-3.9443,119.7848,87.12,68,84,3.96
192,San Jose,US,2022-11-11 02:22:20,37.3394,-121.895,54.86,69,40,4.0
193,Visby,SE,2022-11-11 02:25:59,57.6409,18.296,53.82,87,100,21.85
194,Hofn,IS,2022-11-11 02:25:59,64.2539,-15.2082,42.66,82,100,11.14
195,Berlevag,NO,2022-11-11 02:25:59,70.8578,29.0864,33.8,86,100,17.27
196,Pitimbu,BR,2022-11-11 02:26:00,-7.4706,-34.8086,79.39,83,17,6.62
197,Bathsheba,BB,2022-11-11 02:26:00,13.2167,-59.5167,79.41,89,20,19.57
198,Dingle,PH,2022-11-11 02:26:01,10.9995,122.6711,84.69,76,100,11.54
199,Avarua,CK,2022-11-11 02:26:05,-21.2078,-159.775,78.85,69,40,13.8
200,Inuvik,CA,2022-11-11 02:26:06,68.3499,-133.7218,16.66,86,100,3.44
201,Yatou,CN,2022-11-11 02:26:06,37.15,122.3833,62.73,68,71,10.92
202,Camargo,MX,2022-11-11 02:26:07,27.6667,-105.1667,70.56,20,100,10.22
203,Kampot,KH,2022-11-11 02:26:08,10.6167,104.1833,86.05,71,100,7.49
204,Saskylakh,RU,2022-11-11 02:26:08,71.9167,114.0833,-27.8,100,44,3.33
205,Bogo,PH,2022-11-11 02:26:09,11.0517,124.0055,81.43,81,96,5.48
206,Thompson,CA,2022-11-11 02:26:09,55.7435,-97.8558,-7.44,77,20,2.3
207,Axim,GH,2022-11-11 02:26:10,4.8699,-2.2405,77.7,85,98,6.73
208,Raga,SS,2022-11-11 02:26:11,8.4596,25.678,75.04,28,100,3.0
209,Fairbanks,US,2022-11-11 02:22:20,64.8378,-147.7164,21.6,89,100,0.0
210,Tiksi,RU,2022-11-11 02:26:12,71.6872,128.8694,-13.83,100,99,3.89
211,Quatre Cocos,MU,2022-11-11 02:26:12,-20.2078,57.7625,72.09,75,7,9.64
212,Lebanon,US,2022-11-11 02:22:01,36.2081,-86.2911,70.02,49,100,0.0
213,Norman Wells,CA,2022-11-11 02:26:13,65.282,-126.8329,-0.36,78,75,2.3
214,Kamskoye Ustye,RU,2022-11-11 02:26:14,55.2016,49.268,44.6,83,100,15.48
215,Fasa,IR,2022-11-11 02:26:14,28.9383,53.6482,49.24,87,100,4.61
216,Tvoroyri,FO,2022-11-11 02:26:15,61.5556,-6.8111,50.04,88,100,29.44
217,Cortes,ES,2022-11-11 02:26:16,41.9395,-1.4396,48.25,66,2,5.48
218,Kostino,RU,2022-11-11 02:26:16,58.9097,53.2691,39.0,98,100,8.43
219,Senador Jose Porfirio,BR,2022-11-11 02:26:17,-2.5908,-51.9542,75.43,66,98,3.94
220,Xining,CN,2022-11-11 02:26:17,36.6167,101.7667,33.89,89,100,1.05
221,Beira,MZ,2022-11-11 02:26:18,-19.8436,34.8389,78.89,89,40,4.61
222,La Ronge,CA,2022-11-11 02:26:18,55.1001,-105.2842,8.85,78,20,8.05
223,Inzhavino,RU,2022-11-11 02:26:19,52.3185,42.4937,35.74,93,34,9.35
224,Aksu,CN,2022-11-11 02:26:19,41.1231,80.2644,37.69,52,5,2.1
225,Bari,IT,2022-11-11 02:26:20,41.1177,16.8512,59.27,88,0,6.91
226,Wasco,US,2022-11-11 02:26:20,35.5941,-119.341,54.14,54,0,0.0
227,Nago,JP,2022-11-11 02:26:21,26.5881,127.9761,79.23,90,100,13.91
228,Sarkand,KZ,2022-11-11 02:26:21,45.41,79.9186,33.57,42,53,4.5
229,Gat,IL,2022-11-11 02:26:22,31.61,34.7642,60.4,72,0,6.04
230,Oriximina,BR,2022-11-11 02:26:22,-1.7656,-55.8661,77.45,65,23,3.67
231,Russkiy Kameshkir,RU,2022-11-11 02:26:23,52.8589,46.0892,35.98,92,33,11.9
232,Sao Gabriel Da Cachoeira,BR,2022-11-11 02:27:23,-0.1303,-67.0892,73.94,81,29,2.82
233,Viedma,AR,2022-11-11 02:27:24,-40.8135,-62.9967,57.69,71,7,6.2
234,Puerto Baquerizo Moreno,EC,2022-11-11 02:27:24,-0.9,-89.6,66.54,79,90,11.45
235,Itatinga,BR,2022-11-11 02:27:25,-23.1017,-48.6158,61.34,72,23,4.72
236,Esperance,AU,2022-11-11 02:27:25,-33.8667,121.9,61.79,72,77,18.95
237,Tilichiki,RU,2022-11-11 02:27:26,60.4667,166.1,28.49,76,100,19.66
238,Kaeo,NZ,2022-11-11 02:27:26,-35.1,173.7833,76.32,81,15,7.94
239,Japura,ID,2022-11-11 02:27:27,-0.3167,102.35,79.83,87,73,2.3
240,Maymyo,MM,2022-11-11 02:27:27,22.0333,96.4667,66.65,74,3,2.3
241,Cayenne,GF,2022-11-11 02:27:27,4.9333,-52.3333,75.24,94,100,1.14
242,Ouesso,CG,2022-11-11 02:27:28,1.6136,16.0517,69.57,96,100,1.74
243,Aksarka,RU,2022-11-11 02:27:28,66.5606,67.7975,6.87,98,97,7.47
244,Pozo Colorado,PY,2022-11-11 02:27:29,-23.4923,-58.7972,69.78,80,100,7.45
245,Taos,US,2022-11-11 02:26:38,36.4072,-105.5731,32.45,43,0,8.05
246,Terrace,CA,2022-11-11 02:27:30,54.5163,-128.6035,26.51,68,100,3.44
247,Sterling,US,2022-11-11 02:26:51,39.0062,-77.4286,63.1,81,100,4.61
248,Saint-Philippe,RE,2022-11-11 02:27:30,-21.3585,55.7679,71.19,76,18,5.35
249,Netrakona,BD,2022-11-11 02:27:31,24.8833,90.7167,70.59,63,3,5.17
250,Hobyo,SO,2022-11-11 02:27:31,5.3505,48.5268,79.12,73,11,9.13
251,Poum,NC,2022-11-11 02:27:32,-20.2333,164.0167,76.8,71,98,12.24
252,Beloha,MG,2022-11-11 02:27:33,-25.1667,45.05,72.16,81,1,3.31
253,Pafos,CY,2022-11-11 02:27:29,34.7667,32.4167,56.98,67,75,9.22
254,Devils Lake,US,2022-11-11 02:27:33,48.1128,-98.8651,19.51,92,100,15.01
255,Ambon,ID,2022-11-11 02:27:34,-3.6954,128.1814,89.74,66,40,5.75
256,Margate,GB,2022-11-11 02:27:34,51.3813,1.3862,57.9,84,100,5.99
257,Broome,US,2022-11-11 02:27:35,42.2506,-75.833,54.59,83,90,1.01
258,Corinto,GR,2022-11-11 02:27:35,37.9407,22.9573,54.9,81,2,2.71
259,Kaspiysk,RU,2022-11-11 02:27:36,42.8816,47.6392,50.23,87,75,4.47
260,Zhigansk,RU,2022-11-11 02:27:36,66.7697,123.3711,1.67,96,100,12.3
261,Sambava,MG,2022-11-11 02:27:37,-14.2667,50.1667,69.73,82,64,6.42
262,Kota Bahru,MY,2022-11-11 02:27:37,6.1333,102.2386,84.15,89,20,3.44
263,Lincoln,US,2022-11-11 02:25:01,40.8,-96.667,33.71,63,0,19.57
264,Hit,IQ,2022-11-11 02:27:38,33.6416,42.8251,64.26,49,12,8.97
265,Grand Gaube,MU,2022-11-11 02:27:39,-20.0064,57.6608,72.37,73,27,1.99
266,Kenora,CA,2022-11-11 02:27:39,49.8167,-94.4337,23.97,93,100,15.01
267,Codrington,AU,2022-11-11 02:27:39,-38.2667,141.9667,60.69,86,100,10.22
268,Kavieng,PG,2022-11-11 02:27:40,-2.5744,150.7967,82.98,72,76,6.89
269,Portland,US,2022-11-11 02:25:05,45.5234,-122.6762,45.79,85,0,1.99
270,Beringovskiy,RU,2022-11-11 02:27:41,63.05,179.3167,12.56,75,2,5.44
271,Harper,LR,2022-11-11 02:27:42,4.375,-7.7169,77.72,84,88,7.9
272,Smoky Lake,CA,2022-11-11 02:27:42,54.1169,-112.4686,0.32,78,40,2.3
273,Mabaruma,GY,2022-11-11 02:27:42,8.2,-59.7833,73.45,98,100,2.53
274,Paita,PE,2022-11-11 02:28:43,-5.0892,-81.1144,63.5,85,17,13.33
275,Pangoa,PE,2022-11-11 02:28:43,-12.1167,-73.0,67.1,99,83,2.75
276,Qasigiannguit,GL,2022-11-11 02:28:44,68.8193,-51.1922,-0.76,83,100,4.94
277,Mahebourg,MU,2022-11-11 02:26:34,-20.4081,57.7,72.25,88,20,3.44
278,Niagara Falls,CA,2022-11-11 02:27:47,43.1001,-79.0663,62.06,60,0,14.97
279,Manzhouli,CN,2022-11-11 02:28:45,49.6,117.4333,22.41,74,23,18.28
280,Sindor,RU,2022-11-11 02:28:45,62.8629,51.8905,25.59,97,99,4.25
281,Luau,AO,2022-11-11 02:28:45,-10.7073,22.2247,63.66,96,100,2.48
282,Kutum,SD,2022-11-11 02:28:46,14.2,24.6667,61.84,30,4,6.06
283,Chimoio,MZ,2022-11-11 02:28:46,-19.1164,33.4833,69.66,100,75,2.82
284,Poros,GR,2022-11-11 02:28:47,37.4994,23.4536,54.86,70,0,9.08
285,Providencia,MX,2022-11-11 02:28:47,28.7167,-111.5833,66.2,59,1,15.28
286,Ternate,ID,2022-11-11 02:28:48,0.8,127.4,84.6,69,100,3.15
287,Rawson,AR,2022-11-11 02:28:48,-43.3002,-65.1023,53.1,83,92,13.47
288,Mengcheng,CN,2022-11-11 02:28:48,33.2579,116.5655,70.83,68,14,11.3
289,Kaitangata,NZ,2022-11-11 02:28:49,-46.2817,169.8464,65.35,50,0,11.32
290,Kourou,GF,2022-11-11 02:28:49,5.1552,-52.6478,75.25,90,29,4.18
291,Vyazma,RU,2022-11-11 02:28:50,55.2104,34.2951,44.28,96,100,7.61
292,Payo,ID,2022-11-11 02:28:50,-3.7508,103.6372,82.4,75,70,1.3
293,Avera,US,2022-11-11 02:28:51,33.194,-82.5271,69.31,97,100,21.03
294,Bangangte,CM,2022-11-11 02:23:53,5.1409,10.5198,61.12,94,92,2.95
295,Hoquiam,US,2022-11-11 02:28:51,46.9809,-123.8893,46.38,83,100,6.91
296,Megion,RU,2022-11-11 02:28:52,61.0296,76.1136,26.62,97,100,3.89
297,Telsiai,LT,2022-11-11 02:28:52,55.9814,22.2472,49.24,96,100,13.44
298,Praia Da Vitoria,PT,2022-11-11 02:28:53,38.7333,-27.0667,57.76,94,20,7.18
299,Tenenkou,ML,2022-11-11 02:28:53,14.4572,-4.9169,75.31,14,38,7.81
300,Saint-Joseph,RE,2022-11-11 02:28:54,-21.3667,55.6167,75.47,75,18,5.91
301,Westport,US,2022-11-11 02:28:54,41.1415,-73.3579,59.94,87,0,4.61
302,Sabinas,MX,2022-11-11 02:28:28,27.85,-101.1167,76.82,66,69,8.63
303,San Ramon,US,2022-11-11 02:28:55,37.7799,-121.978,53.29,72,0,6.91
304,Gewane,ET,2022-11-11 02:28:55,10.1664,40.6453,74.86,70,28,5.01
305,Saint-Augustin,CA,2022-11-11 02:28:56,51.226,-58.6502,33.89,70,100,6.76
306,Maseru,LS,2022-11-11 02:28:57,-29.3167,27.4833,56.98,86,100,1.72
307,Nabire,ID,2022-11-11 02:25:08,-3.3667,135.4833,83.1,74,99,2.17
308,Thurso,GB,2022-11-11 02:28:57,58.5927,-3.5259,53.85,91,100,10.58
309,Korla,CN,2022-11-11 02:28:58,41.7597,86.1469,36.64,53,6,2.06
310,Sept-Iles,CA,2022-11-11 02:23:58,50.2001,-66.3821,41.0,85,75,11.5
311,Manakara,MG,2022-11-11 02:28:58,-22.1333,48.0167,68.74,94,12,4.03
312,Santo Augusto,BR,2022-11-11 02:28:59,-27.8508,-53.7772,63.86,86,100,7.67
313,Tabou,CI,2022-11-11 02:28:59,4.423,-7.3528,77.14,85,60,7.31
314,Nanortalik,GL,2022-11-11 02:29:00,60.1432,-45.2371,26.78,70,100,10.98
315,Imeni Poliny Osipenko,RU,2022-11-11 02:29:00,52.4201,136.4853,26.17,57,0,7.61
316,Henties Bay,NA,2022-11-11 02:29:01,-22.116,14.2845,57.52,92,0,4.9
317,Xacmaz,AZ,2022-11-11 02:29:01,41.4635,48.806,52.11,79,100,1.52
318,Jibuti,DJ,2022-11-11 02:30:02,11.5,42.5,72.14,72,65,14.27
319,Kalat,PK,2022-11-11 02:30:03,29.0225,66.5916,48.76,56,25,2.55
320,Atar,MR,2022-11-11 02:30:06,20.5169,-13.0499,75.81,16,37,6.51
321,Nsukka,NG,2022-11-11 02:30:06,6.8561,7.3927,68.97,96,100,3.06
322,Constitucion,CL,2022-11-11 02:30:07,-35.3333,-72.4167,53.29,87,100,5.32
323,Ekibastuz,KZ,2022-11-11 02:30:08,51.6667,75.3667,29.44,85,92,16.4
324,Acarau,BR,2022-11-11 02:30:08,-2.8856,-40.12,78.89,77,4,12.46
325,Nikolskoye,RU,2022-11-11 02:30:09,59.7035,30.7861,48.79,92,100,8.05
326,Meadow Lake,US,2022-11-11 02:30:10,34.8014,-106.5436,44.08,32,5,8.97
327,Imbituba,BR,2022-11-11 02:30:10,-28.24,-48.6703,62.17,87,100,2.93
328,Mahibadhoo,MV,2022-11-11 02:30:11,3.7833,72.9667,80.62,71,97,3.11
329,Arraial Do Cabo,BR,2022-11-11 02:30:11,-22.9661,-42.0278,70.81,90,27,3.02
330,Sovetskiy,RU,2022-11-11 02:30:12,61.3614,63.5842,29.75,96,100,8.93
331,Esfahan,IR,2022-11-11 02:27:36,32.6572,51.6776,44.24,44,100,1.54
332,Palauig,PH,2022-11-11 02:30:13,15.435,119.9045,87.06,63,20,4.63
333,Cherskiy,RU,2022-11-11 02:30:14,68.75,161.3,-3.66,99,100,4.07
334,Khorramshahr,IR,2022-11-11 02:30:14,30.4397,48.1664,73.36,73,100,2.3
335,Camacupa,AO,2022-11-11 02:30:15,-12.0167,17.4833,58.6,94,100,3.29
336,Lyngdal,NO,2022-11-11 02:30:16,58.1376,7.07,55.89,87,100,24.16
337,Isangel,VU,2022-11-11 02:30:17,-19.55,169.2667,82.51,83,15,3.44
338,Grindavik,IS,2022-11-11 02:29:15,63.8424,-22.4338,39.67,87,0,1.14
339,Acari,PE,2022-11-11 02:30:18,-15.4311,-74.6158,68.45,76,13,2.15
340,Ahipara,NZ,2022-11-11 02:30:18,-35.1667,173.1667,69.69,76,7,9.75
341,Roebourne,AU,2022-11-11 02:30:19,-20.7833,117.1333,85.3,28,0,11.5
342,San Javier,ES,2022-11-11 02:30:20,37.8063,-0.8374,60.75,70,20,7.0
343,Kabalo,CD,2022-11-11 02:30:20,-6.05,26.9167,67.57,96,90,1.72
344,Ugoofaaru,MV,2022-11-11 02:30:21,5.6667,73.0,81.14,72,100,6.62
345,Denpasar,ID,2022-11-11 02:27:27,-8.65,115.2167,85.71,79,20,4.61
346,Jardim,BR,2022-11-11 02:29:52,-21.4803,-56.1381,79.92,39,100,3.27
347,Qeshm,IR,2022-11-11 02:30:22,26.9581,56.2719,67.89,67,2,3.87
348,Airai,TL,2022-11-11 02:30:23,-8.9266,125.4092,74.95,60,99,2.17
349,Domoni,KM,2022-11-11 02:30:23,-12.2569,44.5319,76.69,85,22,4.81
350,Ilulissat,GL,2022-11-11 02:30:24,69.2167,-51.1,-2.45,85,100,4.74
351,Emba,KZ,2022-11-11 02:30:24,48.8264,58.1442,30.2,91,37,5.61
352,Kirovskiy,RU,2022-11-11 02:30:25,45.0917,133.5136,43.16,32,40,7.4
353,Grootfontein,NA,2022-11-11 02:30:25,-19.5667,18.1167,65.77,88,38,2.3
354,Broken Hill,AU,2022-11-11 02:30:26,-31.95,141.4333,85.08,29,8,9.31
355,Coihaique,CL,2022-11-11 02:30:26,-45.5752,-72.0662,52.41,71,100,0.0
356,Chapais,CA,2022-11-11 02:30:27,49.7834,-74.8492,29.98,94,100,4.94
357,Sabang,ID,2022-11-11 02:30:27,5.8933,95.3214,77.77,85,100,10.56
358,Kalabo,ZM,2022-11-11 02:30:28,-14.97,22.6814,66.81,87,100,4.68
359,Ercis,TR,2022-11-11 02:30:28,39.0287,43.3586,39.78,92,99,2.86
360,Leh,IN,2022-11-11 02:30:29,34.1667,77.5833,20.71,61,31,2.8
361,Yerbogachen,RU,2022-11-11 02:30:29,61.2767,108.0108,5.0,87,64,6.26
362,Labytnangi,RU,2022-11-11 02:31:30,66.6572,66.4183,1.51,99,62,2.37
363,Talnakh,RU,2022-11-11 02:31:30,69.4865,88.3972,2.21,96,100,12.84
364,Rincon,US,2022-11-11 02:31:31,32.296,-81.2354,74.86,94,100,20.71
365,Aizawl,IN,2022-11-11 02:31:31,23.7333,92.7167,64.2,73,75,3.44
366,Clarksdale,US,2022-11-11 02:31:32,34.2001,-90.5709,60.91,100,0,0.0
367,Obidos,BR,2022-11-11 02:31:32,-1.9175,-55.5181,75.96,65,32,4.23
368,Rehnan,IR,2022-11-11 02:31:33,32.6846,51.6013,44.11,46,100,0.78
369,Rabat,MA,2022-11-11 02:31:33,33.9911,-6.8401,64.04,100,40,0.0
370,Geraldton,AU,2022-11-11 02:31:33,-28.7667,114.6,61.21,82,75,17.27
371,Carberry,CA,2022-11-11 02:31:34,49.8689,-99.3602,19.63,92,100,15.52
372,Shima,CN,2022-11-11 02:31:34,24.4478,117.8111,82.42,55,0,3.02
373,Lexington,US,2022-11-11 02:31:29,37.9887,-84.4777,64.4,56,0,6.91
374,Yumen,CN,2022-11-11 02:31:35,40.2833,97.2,37.65,45,99,18.45
375,La Tuque,CA,2022-11-11 02:31:36,47.4334,-72.7824,44.85,93,100,2.3
376,Lagoa,PT,2022-11-11 02:31:36,39.05,-27.9833,61.16,69,37,20.47
377,Bati,ET,2022-11-11 02:31:36,11.1833,40.0167,59.05,81,14,3.15
378,Isla Aguada,MX,2022-11-11 02:31:37,18.7833,-91.4667,77.04,61,0,2.21
379,Ovre Ardal,NO,2022-11-11 02:31:37,61.3167,7.8,45.68,100,100,6.78
380,Kenai,US,2022-11-11 02:31:38,60.5544,-151.2583,33.15,99,100,4.61
381,Kyabe,TD,2022-11-11 02:31:38,9.4515,18.9449,74.8,33,67,4.56
382,Muzhi,RU,2022-11-11 02:31:39,65.3667,64.6667,15.51,97,92,5.55
383,Nanga Eboko,CM,2022-11-11 02:31:39,4.6833,12.3667,67.06,99,90,1.43
384,Vargem Alta,BR,2022-11-11 02:31:40,-20.6714,-41.0069,64.92,98,84,1.01
385,Chicama,PE,2022-11-11 02:31:40,-7.8447,-79.1469,59.54,83,72,6.87
386,Heidenau,DE,2022-11-11 02:31:41,50.9722,13.8674,50.18,87,0,6.91
387,Te Anau,NZ,2022-11-11 02:31:41,-45.4167,167.7167,72.68,39,69,3.18
388,Rongcheng,CN,2022-11-11 02:31:42,30.634,117.8517,78.85,54,81,2.59
389,Nhulunbuy,AU,2022-11-11 02:31:42,-12.2333,136.7667,92.01,62,40,12.66
390,Troitsko-Pechorsk,RU,2022-11-11 02:31:43,62.7084,56.1964,33.4,98,100,4.05
391,Lorengau,PG,2022-11-11 02:31:43,-2.0226,147.2712,82.18,77,100,5.23
392,Turukhansk,RU,2022-11-11 02:31:44,65.8167,87.9833,0.48,93,100,9.31
393,Ucluelet,CA,2022-11-11 02:30:34,48.9329,-125.5528,46.09,78,100,1.01
394,Sharjah,AE,2022-11-11 02:31:33,25.3573,55.4033,78.78,68,0,4.61
395,Pangnirtung,CA,2022-11-11 02:31:45,66.1451,-65.7125,-6.0,92,74,4.25
396,Solna,SK,2022-11-11 02:31:45,49.2231,18.7394,37.62,95,100,2.3
397,Marinette,US,2022-11-11 02:31:46,45.1,-87.6307,64.45,94,100,9.22
398,Roma,US,2022-11-11 02:31:19,43.2128,-75.4557,58.82,75,0,5.75
399,La Romana,DO,2022-11-11 02:31:46,18.4273,-68.9728,77.36,94,20,4.61
400,Ponta Delgada,PT,2022-11-11 02:31:47,37.7333,-25.6667,60.49,82,20,5.75
401,Brokopondo,SR,2022-11-11 02:31:47,4.75,-55.1667,76.17,90,100,6.11
402,Montlucon,FR,2022-11-11 02:31:48,46.3333,2.6,38.7,98,9,4.52
403,Lavumisa,SZ,2022-11-11 02:31:48,-27.31,31.892,67.08,89,98,2.19
404,Port Blair,IN,2022-11-11 02:31:48,11.6667,92.75,84.24,74,40,4.61
405,Coachella,US,2022-11-11 02:26:52,33.6803,-116.1739,67.95,29,0,4.61
406,Bafra,TR,2022-11-11 02:31:49,41.5678,35.9069,54.82,71,2,4.76
407,Champerico,GT,2022-11-11 02:31:50,14.3,-91.9167,78.66,79,7,5.03
408,Elko,US,2022-11-11 02:31:50,41.0002,-115.5012,19.42,90,7,1.99
409,Makokou,GA,2022-11-11 02:31:50,0.5738,12.8642,67.5,100,100,1.92
410,Tezu,IN,2022-11-11 02:32:51,27.9167,96.1667,75.07,33,0,2.06
411,Kokopo,PG,2022-11-11 02:32:52,-4.352,152.2633,79.38,82,98,2.46
412,Ocampo,MX,2022-11-11 02:32:52,21.65,-101.5,57.15,40,0,4.63
413,Nelson Bay,AU,2022-11-11 02:32:52,-32.7167,152.15,75.25,68,100,11.99
414,Dahuk,IQ,2022-11-11 02:32:53,36.8695,42.994,53.8,70,39,4.29
415,Ploemeur,FR,2022-11-11 02:32:53,47.7333,-3.4333,59.09,88,100,8.05
416,Ulladulla,AU,2022-11-11 02:32:54,-35.35,150.4667,68.88,69,100,5.68
417,Snezhnogorsk,RU,2022-11-11 02:32:54,69.1933,33.2531,28.18,95,98,7.81
418,Hargeysa,SO,2022-11-11 02:32:55,9.56,44.065,62.69,90,23,11.99
419,Kasongo-Lunda,CD,2022-11-11 02:32:55,-6.4667,16.8167,68.09,99,100,1.3
420,Port Macquarie,AU,2022-11-11 02:32:56,-31.4333,152.9167,75.88,58,97,12.55
421,Petrolina,BR,2022-11-11 02:28:33,-9.3986,-40.5008,73.45,88,0,3.44
422,Vardo,NO,2022-11-11 02:32:56,70.3705,31.1107,35.58,87,100,16.11
423,Zanjan,IR,2022-11-11 02:32:57,36.6736,48.4787,41.99,78,14,6.29
424,Along,IN,2022-11-11 02:31:15,28.1667,94.7667,70.48,50,0,0.49
425,Wloszczowa,PL,2022-11-11 02:32:57,50.8526,19.9659,44.4,90,47,7.16
426,Athabasca,CA,2022-11-11 02:32:41,54.7169,-113.2854,1.81,99,20,4.32
427,Maceio,BR,2022-11-11 02:32:58,-9.6658,-35.7353,76.44,94,20,2.3
428,Sechura,PE,2022-11-11 02:32:59,-5.5569,-80.8222,63.45,83,19,11.36
429,Manta,EC,2022-11-11 02:32:59,-0.95,-80.7333,71.38,83,75,8.05
430,North Bend,US,2022-11-11 02:33:00,43.4065,-124.2243,44.92,93,0,3.44
431,Kathu,TH,2022-11-11 02:33:00,7.9178,98.3332,84.69,99,100,4.07
432,Batagay,RU,2022-11-11 02:33:01,67.6333,134.6333,-13.2,98,98,2.21
433,Slavuta,UA,2022-11-11 02:33:01,50.3016,26.8651,45.72,89,92,8.28
434,Canutama,BR,2022-11-11 02:33:02,-6.5339,-64.3831,75.83,89,48,0.94
435,Beyneu,KZ,2022-11-11 02:33:03,45.3167,55.2,38.16,76,22,6.71
436,Ukiah,US,2022-11-11 02:33:03,39.1502,-123.2078,49.44,84,0,0.0
437,Vila Velha,BR,2022-11-11 02:33:04,-20.3297,-40.2925,76.95,91,100,8.05
438,Ondjiva,AO,2022-11-11 02:33:04,-17.0667,15.7333,66.65,35,69,6.31
439,Abrau-Dyurso,RU,2022-11-11 02:33:05,44.69,37.59,38.66,72,13,3.36
440,Sangar,RU,2022-11-11 02:33:05,63.9242,127.4739,-0.2,94,100,12.33
441,Nikki,BJ,2022-11-11 02:33:06,9.9401,3.2108,73.42,41,24,2.98
442,Mwinilunga,ZM,2022-11-11 02:33:07,-11.7358,24.4293,59.05,94,98,2.42
443,Antsohihy,MG,2022-11-11 02:33:07,-14.8796,47.9875,75.97,68,14,3.74
444,North Vernon,US,2022-11-11 02:33:08,39.0062,-85.6236,61.34,61,100,6.11
445,San Blas,MX,2022-11-11 02:33:08,21.5167,-105.2667,75.2,84,87,4.41
446,Lavrentiya,RU,2022-11-11 02:33:09,65.5833,-171.0,17.49,83,6,11.03
447,Agirish,RU,2022-11-11 02:33:09,61.9247,63.0231,28.89,97,100,9.89
448,Launceston,AU,2022-11-11 02:33:10,-41.45,147.1667,69.44,68,75,13.8
449,Dzerzhinsk,RU,2022-11-11 02:33:11,56.2389,43.4631,44.42,100,100,8.95
450,Antofagasta,CL,2022-11-11 02:28:49,-23.65,-70.4,61.88,73,59,4.23
451,Faya,SA,2022-11-11 02:33:11,18.3851,42.4509,51.91,74,1,0.49
452,Paamiut,GL,2022-11-11 02:33:12,61.994,-49.6678,13.5,82,39,6.02
453,Shenjiamen,CN,2022-11-11 02:33:12,29.9576,122.298,71.55,85,58,9.42
454,Camabatela,AO,2022-11-11 02:33:13,-8.1881,15.375,60.04,100,100,3.44
455,Coroata,BR,2022-11-11 02:34:14,-4.13,-44.1242,74.26,92,38,3.22
456,Naryan-Mar,RU,2022-11-11 02:33:10,67.6713,53.087,20.55,98,85,6.15
457,Waingapu,ID,2022-11-11 02:34:15,-9.6567,120.2641,88.66,59,33,10.54
458,Tsogni,GA,2022-11-11 02:34:15,-2.7942,10.0988,72.77,92,100,3.04
459,Talara,PE,2022-11-11 02:34:16,-4.5772,-81.2719,63.36,88,0,11.5
460,Lujan,AR,2022-11-11 02:30:04,-34.5703,-59.105,69.94,76,80,7.43
461,Yanam,IN,2022-11-11 02:34:18,16.7333,82.2167,81.41,65,21,11.07
462,Mana,GF,2022-11-11 02:34:18,5.6592,-53.7767,76.69,91,58,6.02
463,Ginda,IN,2022-11-11 02:34:19,30.6945,78.4932,53.24,30,0,2.24
464,Esna,EG,2022-11-11 02:34:20,25.2934,32.554,62.62,44,0,7.31
465,Itarema,BR,2022-11-11 02:34:20,-2.9248,-39.9167,78.73,76,4,12.37
466,North Branch,US,2022-11-11 02:34:21,45.5113,-92.9802,32.36,88,7,13.0
467,Tocopilla,CL,2022-11-11 02:32:03,-22.092,-70.1979,63.95,69,26,2.59
468,Sistranda,NO,2022-11-11 02:34:21,63.7256,8.834,48.16,82,83,27.36
469,Itoman,JP,2022-11-11 02:34:22,26.1247,127.6694,79.18,78,75,17.27
470,Diffa,NE,2022-11-11 02:34:23,13.3154,12.6113,73.2,33,27,8.32
471,Sobolevo,RU,2022-11-11 02:34:23,54.4299,31.8996,45.21,97,100,6.93
472,Ancud,CL,2022-11-11 02:33:27,-41.8697,-73.8203,52.48,98,100,5.57
473,Sioux Lookout,CA,2022-11-11 02:30:32,50.1001,-91.917,24.87,93,100,8.05
474,Nosy Varika,MG,2022-11-11 02:34:24,-20.5833,48.5333,71.13,86,17,4.27
475,Pierre,US,2022-11-11 02:30:29,44.3683,-100.351,18.52,81,100,25.32
476,Ivanjica,RS,2022-11-11 02:34:25,43.5803,20.2311,48.58,93,100,2.24
477,Baykit,RU,2022-11-11 02:34:25,61.67,96.37,13.68,94,100,2.04
478,Boddam,GB,2022-11-11 02:34:26,57.4667,-1.7833,61.18,89,100,26.46
479,Lebowakgomo,ZA,2022-11-11 02:34:27,-24.2,29.5,54.05,82,55,7.18
480,Torbat-E Jam,IR,2022-11-11 02:34:27,35.244,60.6225,44.15,49,27,2.53
481,Port-Cartier,CA,2022-11-11 02:34:28,50.0334,-66.8654,40.68,73,100,10.54
482,Kichera,RU,2022-11-11 02:34:28,55.9375,110.0997,21.85,87,97,2.57
483,Mutoko,ZW,2022-11-11 02:34:29,-17.397,32.2268,61.74,85,100,2.59
484,Rawlins,US,2022-11-11 02:34:30,41.7911,-107.2387,21.34,79,100,16.11
485,Bacolod,PH,2022-11-11 02:30:02,10.6667,122.95,87.13,68,85,7.09
486,Murupara,NZ,2022-11-11 02:34:30,-38.4667,176.7,58.68,99,100,3.51
487,Chinhoyi,ZW,2022-11-11 02:34:31,-17.3667,30.2,65.34,84,97,5.86
488,Ha Tinh,VN,2022-11-11 02:29:32,18.3333,105.9,79.54,81,47,1.97
489,Lompoc,US,2022-11-11 02:34:31,34.6391,-120.4579,55.85,79,0,5.75
490,Komsomolskiy,UZ,2022-11-11 02:34:32,40.4272,71.7189,34.52,80,100,4.61
491,Burnie,AU,2022-11-11 02:34:32,-41.0667,145.9167,63.63,76,87,10.8
492,Marawi,PH,2022-11-11 02:34:33,7.9986,124.2928,73.44,85,98,3.15
493,Tres Arroyos,AR,2022-11-11 02:34:33,-38.3739,-60.2798,60.08,72,14,8.03
494,Lipin Bor,RU,2022-11-11 02:34:33,60.2622,37.9763,41.81,99,99,7.05
495,Kapelle-Op-Den-Bos,BE,2022-11-11 02:34:34,51.0167,4.3667,50.99,89,75,9.22
496,Eisenach,DE,2022-11-11 02:35:35,50.9833,10.3167,45.68,91,96,5.44
497,Bud,US,2022-11-11 02:35:35,39.447,-86.1758,60.94,71,100,6.55
498,Baherden,TM,2022-11-11 02:35:35,38.4362,57.4316,45.75,49,79,7.61
499,Kuybysheve,UA,2022-11-11 02:35:36,47.358,36.6491,38.64,95,58,5.23
500,Daru,PG,2022-11-11 02:35:36,-9.0763,143.2092,85.73,62,99,11.14
501,Kommunar,RU,2022-11-11 02:35:37,59.6206,30.39,48.43,93,100,9.6
502,Purificacion,CO,2022-11-11 02:35:37,3.8587,-74.9313,73.35,85,87,2.86
503,Thinadhoo,MV,2022-11-11 02:35:38,0.5333,72.9333,81.91,72,98,13.49
504,Lata,PT,2022-11-11 02:35:39,40.1629,-8.3327,50.07,88,27,4.32
505,Veinticinco De Mayo,AR,2022-11-11 02:35:39,-35.4323,-60.1727,62.98,85,19,1.01
506,Rafaela,AR,2022-11-11 02:35:40,-31.2503,-61.4867,64.98,56,43,4.0
507,Kropotkin,RU,2022-11-11 02:35:40,45.4375,40.5756,41.72,92,17,6.82
508,Perth,AU,2022-11-11 02:32:18,-31.9333,115.8333,66.18,51,40,17.27
509,Tessalit,ML,2022-11-11 02:35:41,20.1986,1.0114,69.28,18,0,10.69
510,Mogadishu,SO,2022-11-11 02:33:03,2.0371,45.3438,77.95,83,100,10.02
511,Kudahuvadhoo,MV,2022-11-11 02:35:42,2.6708,72.8944,80.2,76,72,9.86
512,Waiouru,NZ,2022-11-11 02:35:43,-39.4833,175.6667,48.83,98,100,10.04
513,Melfort,CA,2022-11-11 02:35:43,52.8667,-104.6177,3.33,85,54,5.75
514,Lasa,IT,2022-11-11 02:35:43,46.6166,10.7002,44.87,52,61,1.83
515,Vestmannaeyjar,IS,2022-11-11 02:35:44,63.4427,-20.2734,45.43,84,100,14.56
516,San Cristobal,VE,2022-11-11 02:35:44,7.7669,-72.225,69.98,98,93,2.73
517,Novyy Urgal,RU,2022-11-11 02:35:45,51.0736,132.5642,22.23,58,100,2.04
518,Panorama,GR,2022-11-11 02:35:45,40.5878,23.0315,53.46,83,18,8.01
519,Luganville,VU,2022-11-11 02:35:46,-15.5333,167.1667,85.19,72,58,8.57
520,High Level,CA,2022-11-11 02:35:46,58.5169,-117.136,1.51,92,0,3.44
521,Tateyama,JP,2022-11-11 02:35:47,34.9833,139.8667,68.41,54,0,12.82
522,Terrace Bay,CA,2022-11-11 02:35:47,48.7834,-87.1,28.0,85,100,28.12
523,Hasaki,JP,2022-11-11 02:35:47,35.7333,140.8333,72.28,51,0,12.95
524,Russell,US,2022-11-11 02:35:48,32.3502,-85.1999,64.4,94,100,13.8
525,Shimoda,JP,2022-11-11 02:35:48,34.6667,138.95,68.36,55,0,13.04
526,Urengoy,RU,2022-11-11 02:35:49,65.9667,78.3667,6.58,91,100,11.48
527,Tuxpan,MX,2022-11-11 02:35:49,19.55,-103.4,65.97,95,10,1.83
528,Aleksandrov Gay,RU,2022-11-11 02:35:50,50.147,48.5704,39.56,81,70,8.16
529,Quilmana,PE,2022-11-11 02:35:50,-12.95,-76.3833,64.92,82,16,3.67
530,Aberdare,GB,2022-11-11 02:35:51,51.7144,-3.4492,58.08,87,100,18.86
531,Eskil,TR,2022-11-11 02:35:51,38.4017,33.4131,44.71,69,0,3.38
532,Naze,JP,2022-11-11 02:35:52,28.3667,129.4833,77.92,76,26,14.52
